{"cameraMode":{"drawMode":0,"name":"Shaded","section":"Shading Mode"},"sceneLighting":false,"audioPlay":false,"sceneViewState":{"m_AlwaysRefresh":false,"showFog":true,"showSkybox":false,"showFlares":true,"showImageEffects":true,"showParticleSystems":true,"showVisualEffectGraphs":true,"m_FxEnabled":true},"in2DMode":false,"pivot":{"x":-1.4901161193847657e-7,"y":0.5262300372123718,"z":-0.41689831018447878},"rotation":{"x":-0.02132728509604931,"y":0.9753216505050659,"z":-0.10901330411434174,"w":-0.19081126153469087},"size":2.1424667835235597,"orthographic":false}